{
    "Orientation": {
        "gradientsigma":    2.0,
        "blocksigma":       4.0,
    },
    "MarksRemoval": {
        "lambda": 0.875,
        "sigma":  6.0,
    },
    "Preprocessing": {
        "delta": 0.4,
        "div_x": 4,
        "div_y": 4,
    },
    "ACO": {
        "K":        4,
        "n":        3,
        "omega":    8,
        "m":        4,
        "alpha":    2.0,
        "beta":     1.0,
        "gamma":    0.07,
        "kappa":    0.8,
        "N":        50,
        "epsilon":  2,
    },
    "animation": 1,
}
